observableId	simulationConditionId	time	measurement	noiseParameters
obs_a	c0	0	1.03210251782875	0.02
obs_a	c0	0.333333333333333	0.800948731075341	0.02
obs_a	c0	0.666666666666667	0.652298828451885	0.02
obs_a	c0	1	0.546886903727724	0.02
obs_a	c0	1.33333333333333	0.533896216223741	0.02
obs_a	c0	1.66666666666667	0.487944031019978	0.02
obs_a	c0	2	0.447062625644273	0.02
obs_a	c0	2.33333333333333	0.418728450359673	0.02
obs_a	c0	2.66666666666667	0.4586806097362	0.02
obs_a	c0	3	0.410689948990506	0.02
