Epo_degradation_BaF3,k_exp_hetero,k_exp_homo,k_imp_hetero,k_imp_homo,k_phos,sd_pSTAT5A_rel,sd_pSTAT5B_rel,sd_rSTAT5A_rel
-226.01431847863805,0.03263295726678998,0.05074978988074719,-273.3251522968395,-4.9353233689552945e-5,85.33308210815652,-57.82373022138993,6.47910944243548,1.5327970845176904
