Epo_degradation_BaF3,k_exp_hetero,k_exp_homo,k_imp_hetero,k_imp_homo,k_phos,sd_pSTAT5A_rel,sd_pSTAT5B_rel,sd_rSTAT5A_rel
2348.781845248937,-0.034169780647049425,-103.24202100672939,2772.675796487632,7.194796260472683e-5,-938.3560377189202,996.659728857624,31.143959976782426,13.030712117968559
-0.034169780647049425,0.07739858784002018,-0.15899501912479183,0.7386693785162849,-4.187803035168086e-8,-0.17134098751539498,-0.2564122376627509,0.03372069395138544,0.07241122210747836
-103.24202100672939,-0.15899501912479183,132.944794430612,95.49012010074641,-2.508362770407691e-6,-22.250883365424308,11.34374075166351,-3.886786248018129,-7.690665859911962
2772.675796487632,0.7386693785162849,95.49012010074641,3563.661917245381,1.092950395076315e-5,-1110.2044314822922,1202.406495619125,41.717823566223906,14.58452306207908
7.194796260472683e-5,-4.187803035168086e-8,-2.508362770407691e-6,1.092950395076315e-5,0.00011364116982094509,-0.00016740979955329535,0.0001089554236616266,0.00011027946613432109,8.045150373694503e-6
-938.3560377189202,-0.17134098751539498,-22.250883365424308,-1110.2044314822922,-0.00016740979955329535,965.7762449769793,-416.0316410076297,-6.62255869644657,29.6808324053416
996.659728857624,-0.2564122376627509,11.34374075166351,1202.406495619125,0.0001089554236616266,-416.0316410076297,435.9488576495015,0.0,0.0
31.143959976782426,0.03372069395138544,-3.886786248018129,41.717823566223906,0.00011027946613432109,-6.62255869644657,0.0,139.82333729022352,0.0
13.030712117968559,0.07241122210747836,-7.690665859911962,14.58452306207908,8.045150373694503e-6,29.6808324053416,0.0,0.0,162.6019478340014
