Epo_degradation_BaF3,k_exp_hetero,k_exp_homo,k_imp_hetero,k_imp_homo,k_phos,sd_pSTAT5A_rel,sd_pSTAT5B_rel,sd_rSTAT5A_rel
-1.665827601408055,-4.999704893599998,-2.2096987817000167,-1.78600654750001,4.9901140088,4.1977354885,0.5857552705999998,0.8189828191999999,0.49868440400000047
