observableId	simulationConditionId	time	measurement	noiseParameters
obs_a	c0	1.01010101010101	0.790347700318389	0.02
obs_a	c0	10	0.641676124381131	0.02
