observableId	simulationConditionId	time	measurement
obs_a	c0	0.0	1.0321025178287548
obs_a	c0	0.3333333333333333	0.8009487310753414
obs_a	c0	0.6666666666666666	0.6522988284518845
obs_a	c0	1.0	0.5468869037277241
obs_a	c0	1.3333333333333333	0.5338962162237411
obs_a	c0	1.6666666666666665	0.48794403101997796
obs_a	c0	2.0	0.44706262564427257
obs_a	c0	2.333333333333333	0.4187284503596733
obs_a	c0	2.6666666666666665	0.4586806097362004
obs_a	c0	3.0	0.4106899489905058
